{
  "Precision@5": 0.154,
  "Recall@5": 0.08711904761904762,
  "NDCG@5": 0.14093013478301297,
  "Precision@10": 0.16899999999999998,
  "Recall@10": 0.19195634920634919,
  "NDCG@10": 0.16829128958092734,
  "Precision@20": 0.149,
  "Recall@20": 0.33721428571428574,
  "NDCG@20": 0.2445761363231317,
  "AUC-ROC": 0.6617601984126982,
  "MAE": 0.4309872214753872,
  "RMSE": 0.44701111333499166
}