train_loss,val_loss
0.693275511264801,0.6903946995735168
0.6907293200492859,0.6847447156906128
0.6856319308280945,0.6759454011917114
0.6784214973449707,0.6641044020652771
0.6611166000366211,0.6472020149230957
0.6541340351104736,0.6962225437164307
0.6984087824821472,0.6522783041000366
0.6408147215843201,0.671876847743988
0.6690813899040222,0.6452878713607788
0.6433087587356567,0.6408959031105042
