train_loss,val_loss
0.6930549740791321,0.6911702752113342
0.6914423108100891,0.6891366243362427
0.689484179019928,0.6854242086410522
0.6865068078041077,0.680947482585907
0.6796475648880005,0.6725067496299744
0.674869954586029,0.6683660745620728
0.6702460050582886,0.6646692156791687
0.6582223773002625,0.6481419801712036
0.6472956538200378,0.6420271992683411
0.6412957906723022,0.6329370737075806
