train_loss,val_loss
0.6938933730125427,0.6923208236694336
0.6924458742141724,0.6907913684844971
0.6910139918327332,0.6884781718254089
0.6891272068023682,0.6860229969024658
0.6851989030838013,0.6804644465446472
0.6823176145553589,0.6775694489479065
0.6790353059768677,0.6747069954872131
0.6706442832946777,0.6611144542694092
0.6601030230522156,0.658691942691803
0.6591638326644897,0.6517212390899658
